tipo,cve_region,nom_region,pob_2020
Zona metropolitana,09.1.01,Zona metropolitana de la Ciudad de México,21436911
Metropolitan Statistical Area,35620,"New York-Newark-Jersey City, NY-NJ",19940274
Metropolitan Statistical Area,31080,"Los Angeles-Long Beach-Anaheim, CA",12927614
Metropolitan Statistical Area,16980,"Chicago-Naperville-Elgin, IL-IN",9408576
País,00.00.00,Honduras,9304380
Metropolitan Statistical Area,19100,"Dallas-Fort Worth-Arlington, TX",8344032
Metropolitan Statistical Area,26420,"Houston-Pasadena-The Woodlands, TX",7796182
Metropolitan Statistical Area,33100,"Miami-Fort Lauderdale-West Palm Beach, FL",6457988
Metropolitan Statistical Area,47900,"Washington-Arlington-Alexandria, DC-VA-MD-WV",6436489
Metropolitan Statistical Area,12060,"Atlanta-Sandy Springs-Roswell, GA",6411149
Metropolitan Statistical Area,37980,"Philadelphia-Camden-Wilmington, PA-NJ-DE-MD",6330422
Zona metropolitana,19.1.01,Zona metropolitana de Monterrey,5322117
Metropolitan Statistical Area,38060,"Phoenix-Mesa-Chandler, AZ",5186958
Zona metropolitana,14.1.01,Zona metropolitana de Guadalajara,5110617
Metropolitan Statistical Area,14460,"Boston-Cambridge-Newton, MA-NH",5025517
Metropolitan Statistical Area,40140,"Riverside-San Bernardino-Ontario, CA",4744214
Metropolitan Statistical Area,41860,"San Francisco-Oakland-Fremont, CA",4648486
Metropolitan Statistical Area,19820,"Detroit-Warren-Dearborn, MI",4400578
Metropolitan Statistical Area,42660,"Seattle-Tacoma-Bellevue, WA",4145494
Metropolitan Statistical Area,33460,"Minneapolis-St. Paul-Bloomington, MN-WI",3757952
Metropolitan Statistical Area,45300,"Tampa-St. Petersburg-Clearwater, FL",3424560
Metropolitan Statistical Area,41740,"San Diego-Chula Vista-Carlsbad, CA",3298799
Metropolitan Statistical Area,19740,"Denver-Aurora-Centennial, CO",3052498
Metropolitan Statistical Area,36740,"Orlando-Kissimmee-Sanford, FL",2940513
Metropolitan Statistical Area,16740,"Charlotte-Concord-Gastonia, NC-SC",2883370
Metropolitan Statistical Area,12580,"Baltimore-Columbia-Towson, MD",2859024
Metropolitan Statistical Area,41180,"St. Louis, MO-IL",2811927
Zona metropolitana,21.1.01,Zona metropolitana de Puebla-Tlaxcala,2776893
Metropolitan Statistical Area,41700,"San Antonio-New Braunfels, TX",2763006
Metropolitan Statistical Area,12420,"Austin-Round Rock-San Marcos, TX",2550637
Metropolitan Statistical Area,38900,"Portland-Vancouver-Hillsboro, OR-WA",2537904
Metropolitan Statistical Area,40900,"Sacramento-Roseville-Folsom, CA",2463127
Metropolitan Statistical Area,38300,"Pittsburgh, PA",2429917
Metropolitan Statistical Area,29820,"Las Vegas-Henderson-North Las Vegas, NV",2398871
Zona metropolitana,15.1.01,Zona metropolitana de Toluca,2353924
Metropolitan Statistical Area,17140,"Cincinnati, OH-KY-IN",2302815
Metropolitan Statistical Area,28140,"Kansas City, MO-KS",2253579
Metropolitan Statistical Area,18140,"Columbus, OH",2225377
Metropolitan Statistical Area,26900,"Indianapolis-Carmel-Greenwood, IN",2174833
Metropolitan Statistical Area,17410,"Cleveland, OH",2171877
Metropolitan Statistical Area,34980,"Nashville-Davidson--Murfreesboro--Franklin, TN",2150553
Zona metropolitana,02.1.01,Zona metropolitana de Tijuana,2049413
Metropolitan Statistical Area,41940,"San Jose-Sunnyvale-Santa Clara, CA",1995484
Zona metropolitana,11.1.02,Zona metropolitana de León,1935928
Metropolitan Statistical Area,47260,"Virginia Beach-Chesapeake-Norfolk, VA-NC",1794278
Departamento,00.00.05,Cortés,1785376
Metropolitan Statistical Area,27260,"Jacksonville, FL",1760548
Metropolitan Statistical Area,39300,"Providence-Warwick, RI-MA",1700901
Departamento,00.00.08,Francisco Morazán,1674988
Metropolitan Statistical Area,33340,"Milwaukee-Waukesha, WI",1574452
Metropolitan Statistical Area,39580,"Raleigh-Cary, NC",1562009
Zona metropolitana,22.1.01,Zona metropolitana de Querétaro,1530820
Metrópoli municipal,08.2.03,Metrópoli municipal de Ciudad Juárez,1512450
Metropolitan Statistical Area,36420,"Oklahoma City, OK",1497821
Metropolitan Statistical Area,31140,"Louisville/Jefferson County, KY-IN",1394234
Zona metropolitana,05.1.01,Zona metropolitana de La Laguna,1375248
Metropolitan Statistical Area,40060,"Richmond, VA",1370165
Metropolitan Statistical Area,32820,"Memphis, TN-MS-AR",1339345
Zona metropolitana,31.1.01,Zona metropolitana de Mérida,1324771
Metropolitan Statistical Area,41620,"Salt Lake City-Murray, UT",1300762
Zona metropolitana,24.1.01,Zona metropolitana de San Luis Potosí,1243980
Metropolitan Statistical Area,13820,"Birmingham, AL",1192583
Metropolitan Statistical Area,23420,"Fresno, CA",1189557
Metropolitan Statistical Area,24340,"Grand Rapids-Wyoming-Kentwood, MI",1178826
Metropolitan Statistical Area,25540,"Hartford-West Hartford-East Hartford, CT",1169048
Metropolitan Statistical Area,15380,"Buffalo-Cheektowaga, NY",1160172
Zona metropolitana,01.1.01,Zona metropolitana de Aguascalientes,1140916
Zona metropolitana,17.1.02,Zona metropolitana de Cuernavaca,1121122
Metropolitan Statistical Area,46060,"Tucson, AZ",1080149
Metropolitan Statistical Area,46140,"Tulsa, OK",1059803
Metropolitan Statistical Area,40380,"Rochester, NY",1057218
Metrópoli municipal,02.2.03,Metrópoli municipal de Mexicali,1049792
Zona metropolitana,05.1.04,Zona metropolitana de Saltillo,1031779
Metrópoli municipal,25.2.01,Metrópoli municipal de Culiacán,1003530
Metropolitan Statistical Area,36540,"Omaha, NE-IA",1001010
Metropolitan Statistical Area,46520,"Urban Honolulu, HI",998747
Metropolitan Statistical Area,24860,"Greenville-Anderson-Greer, SC",996680
Zona metropolitana,16.1.02,Zona metropolitana de Morelia,988704
Zona metropolitana,08.1.01,Zona metropolitana de Chihuahua,988065
Metropolitan Statistical Area,14860,"Bridgeport-Stamford-Danbury, CT",972679
Metropolitan Statistical Area,35380,"New Orleans-Metairie, LA",966230
Metropolitan Statistical Area,28940,"Knoxville, TN",957608
Metrópoli municipal,26.2.03,Metrópoli municipal de Hermosillo,936263
Metropolitan Statistical Area,35840,"North Port-Bradenton-Sarasota, FL",934956
Zona metropolitana,23.1.01,Zona metropolitana de Cancún,934189
Zona metropolitana,28.1.02,Zona metropolitana de Tampico,927379
Metropolitan Statistical Area,10740,"Albuquerque, NM",926303
Metropolitan Statistical Area,12540,"Bakersfield-Delano, CA",922529
Metropolitan Statistical Area,32580,"McAllen-Edinburg-Mission, TX",914820
Metropolitan Statistical Area,10580,"Albany-Schenectady-Troy, NY",913485
Metropolitan Statistical Area,10900,"Allentown-Bethlehem-Easton, PA-NJ",886418
Metropolitan Statistical Area,12940,"Baton Rouge, LA",882652
Zona metropolitana,30.1.06,Zona metropolitana de Veracruz,882011
Metropolitan Statistical Area,49340,"Worcester, MA",881248
Metropolitan Statistical Area,21340,"El Paso, TX",879392
Metropolitan Statistical Area,17900,"Columbia, SC",870193
Metropolitan Statistical Area,16700,"Charleston-North Charleston, SC",869940
Metropolitan Statistical Area,15980,"Cape Coral-Fort Myers, FL",860959
Metropolitan Statistical Area,29460,"Lakeland-Winter Haven, FL",852878
Zona metropolitana,07.1.02,Zona metropolitana de Tuxtla Gutiérrez,848274
Metropolitan Statistical Area,14260,"Boise City, ID",845877
Zona metropolitana,28.1.01,Zona metropolitana de Reynosa,837251
Metropolitan Statistical Area,37100,"Oxnard-Thousand Oaks-Ventura, CA",835427
Zona metropolitana,27.1.01,Zona metropolitana de Villahermosa,833907
Metropolitan Statistical Area,19430,"Dayton-Kettering-Beavercreek, OH",821740
Metropolitan Statistical Area,44700,"Stockton-Lodi, CA",816108
Metropolitan Statistical Area,24660,"Greensboro-High Point, NC",800722
Zona metropolitana,30.1.07,Zona metropolitana de Xalapa,798858
Metrópoli municipal,12.2.02,Metrópoli municipal de Acapulco,779566
Metropolitan Statistical Area,17820,"Colorado Springs, CO",777634
Metropolitan Statistical Area,30780,"Little Rock-North Little Rock-Conway, AR",769258
Metropolitan Statistical Area,39340,"Provo-Orem-Lehi, UT",760531
Metropolitan Statistical Area,19780,"Des Moines-West Des Moines, IA",753913
Zona metropolitana,20.1.01,Zona metropolitana de Oaxaca,744912
Metropolitan Statistical Area,19660,"Deltona-Daytona Beach-Ormond Beach, FL",739516
Metropolitan Statistical Area,28880,"Kiryas Joel-Poughkeepsie-Newburgh, NY",711730
Metropolitan Statistical Area,31540,"Madison, WI",707606
Metropolitan Statistical Area,49180,"Winston-Salem, NC",705187
Metropolitan Statistical Area,10420,"Akron, OH",702209
Metrópoli municipal,10.2.01,Metrópoli municipal de Durango,688697
Zona metropolitana,11.1.01,Zona metropolitana de Celaya,684888
Zona metropolitana,29.1.01,Zona metropolitana de Tlaxcala-Apizaco,674510
Metropolitan Statistical Area,36260,"Ogden, UT",667681
Metropolitan Statistical Area,48620,"Wichita, KS",661217
Metropolitan Statistical Area,37340,"Palm Bay-Melbourne-Titusville, FL",658447
Metropolitan Statistical Area,45060,"Syracuse, NY",655189
Metropolitan Statistical Area,12260,"Augusta-Richmond County, GA-SC",636760
Departamento,00.00.18,Yoro,630421
Metropolitan Statistical Area,20500,"Durham-Chapel Hill, NC",620522
Metropolitan Statistical Area,25420,"Harrisburg-Carlisle, PA",615361
Zona metropolitana,13.1.01,Zona metropolitana de Pachuca,610753
Metropolitan Statistical Area,27140,"Jackson, MS",606178
Metropolitan Statistical Area,22220,"Fayetteville-Springdale-Rogers, AR",605615
Metropolitan Statistical Area,44060,"Spokane-Spokane Valley, WA",604962
Metropolitan Statistical Area,45780,"Toledo, OH",601396
Metrópoli municipal,11.2.04,Metrópoli municipal de Irapuato,592953
Metropolitan Statistical Area,16860,"Chattanooga, TN-GA",588050
Departamento,00.00.15,Olancho,578920
Metropolitan Statistical Area,35300,"New Haven, CT",576718
Metropolitan Statistical Area,39900,"Reno, NV",575110
Metropolitan Statistical Area,42540,"Scranton--Wilkes-Barre, PA",574009
Metropolitan Statistical Area,38860,"Portland-South Portland, ME",571534
Metropolitan Statistical Area,29540,"Lancaster, PA",563293
Departamento,00.00.03,Comayagua,562033
Metropolitan Statistical Area,33700,"Modesto, CA",556972
Metropolitan Statistical Area,38940,"Port St. Lucie, FL",556336
Metropolitan Statistical Area,26620,"Huntsville, AL",542297
Metrópoli municipal,28.2.04,Metrópoli municipal de Matamoros,541979
Metropolitan Statistical Area,37860,"Pensacola-Ferry Pass-Brent, FL",538928
Metropolitan Statistical Area,30460,"Lexington-Fayette, KY",533366
Metropolitan Statistical Area,28660,"Killeen-Temple, TX",509487
Metrópoli municipal,25.2.03,Metrópoli municipal de Mazatlán,501441
Metropolitan Statistical Area,44180,"Springfield, MO",496975
Departamento,00.00.07,El Paraíso,495521
Zona metropolitana,18.1.01,Zona metropolitana de Tepic,491153
Departamento,00.00.01,Atlántida,486175
Metropolitan Statistical Area,42220,"Santa Rosa-Petaluma, CA",485375
Metropolitan Statistical Area,47300,"Visalia, CA",483546
Metropolitan Statistical Area,48900,"Wilmington, NC",480522
Metropolitan Statistical Area,29620,"Lansing-East Lansing, MI",479971
Zona metropolitana,14.1.02,Zona metropolitana de Puerto Vallarta,479471
Departamento,00.00.06,Choluteca,475283
Metropolitan Statistical Area,49620,"York-Hanover, PA",471240
Departamento,00.00.16,Santa Barbara,469578
Zona metropolitana,30.1.04,Zona metropolitana de Orizaba,468923
Metropolitan Statistical Area,44140,"Springfield, MA",464151
Metropolitan Statistical Area,23060,"Fort Wayne, IN",462978
Metropolitan Statistical Area,47930,"Waterbury-Shelton, CT",462220
Metrópoli municipal,25.2.02,Metrópoli municipal de Los Mochis,459310
Metropolitan Statistical Area,46700,"Vallejo, CA",455101
Metropolitan Statistical Area,18580,"Corpus Christi, TX",450187
Metropolitan Statistical Area,42200,"Santa Maria-Santa Barbara, CA",444500
Metrópoli municipal,02.2.02,Metrópoli municipal de Ensenada,443807
Metropolitan Statistical Area,41420,"Salem, OR",443416
Metropolitan Statistical Area,39740,"Reading, PA",439117
Metrópoli municipal,26.2.02,Metrópoli municipal de Ciudad Obregón,436484
Metropolitan Statistical Area,41500,"Salinas, CA",436251
Metropolitan Statistical Area,15180,"Brownsville-Harlingen, TX",431874
Metropolitan Statistical Area,42340,"Savannah, GA",431589
Metropolitan Statistical Area,31700,"Manchester-Nashua, NH",430462
Metropolitan Statistical Area,36100,"Ocala, FL",428905
Metropolitan Statistical Area,25060,"Gulfport-Biloxi, MS",426793
Metropolitan Statistical Area,49660,"Youngstown-Warren, OH",426086
Metrópoli municipal,28.2.05,Metrópoli municipal de Nuevo Laredo,425058
Metropolitan Statistical Area,11700,"Asheville, NC",422333
Metropolitan Statistical Area,29180,"Lafayette, LA",419704
Metropolitan Statistical Area,34940,"Naples-Marco Island, FL",416233
Metropolitan Statistical Area,34820,"Myrtle Beach-Conway-North Myrtle Beach, SC",413391
Departamento,00.00.04,Copán,412925
Metropolitan Statistical Area,33660,"Mobile, AL",412339
Metropolitan Statistical Area,11260,"Anchorage, AK",407213
Zona metropolitana,32.1.01,Zona metropolitana de Zacatecas-Guadalupe,405285
Metropolitan Statistical Area,22420,"Flint, MI",402279
Zona metropolitana,07.1.01,Zona metropolitana de Tapachula,400606
Metropolitan Statistical Area,15940,"Canton-Massillon, OH",400551
Metropolitan Statistical Area,13140,"Beaumont-Port Arthur, TX",398733
Metropolitan Statistical Area,45220,"Tallahassee, FL",397675
Metropolitan Statistical Area,43900,"Spartanburg, SC",395934
Metropolitan Statistical Area,22180,"Fayetteville, NC",393812
Metropolitan Statistical Area,45940,"Trenton-Princeton, NJ",392138
Metropolitan Statistical Area,33860,"Montgomery, AL",387885
Metropolitan Statistical Area,43340,"Shreveport-Bossier City, LA",383269
Metropolitan Statistical Area,21660,"Eugene-Springfield, OR",382396
Metropolitan Statistical Area,19340,"Davenport-Moline-Rock Island, IA-IL",381801
Metropolitan Statistical Area,22660,"Fort Collins-Loveland, CO",374574
Zona metropolitana,05.1.02,Zona metropolitana de Monclova-Frontera,374247
Metropolitan Statistical Area,11460,"Ann Arbor, MI",373875
Metropolitan Statistical Area,25860,"Hickory-Lenoir-Morganton, NC",373031
Metropolitan Statistical Area,12100,"Atlantic City-Hammonton, NJ",372989
Metropolitan Statistical Area,24540,"Greeley, CO",369745
Metropolitan Statistical Area,31180,"Lubbock, TX",367109
Metropolitan Statistical Area,26580,"Huntington-Ashland, WV-KY-OH",366920
Metropolitan Statistical Area,37900,"Peoria, IL",364565
Departamento,00.00.13,Lempira,363868
Metropolitan Statistical Area,23540,"Gainesville, FL",359780
Zona metropolitana,17.1.01,Zona metropolitana de Cuautla,358267
Zona metropolitana,21.1.03,Zona metropolitana de Tehuacán,357621
Metrópoli municipal,16.2.04,Metrópoli municipal de Uruapan,356786
Zona metropolitana,30.1.01,Zona metropolitana de Coatzacoalcos,355738
Metrópoli municipal,03.2.02,Metrópoli municipal de Los Cabos,351111
Metropolitan Statistical Area,30700,"Lincoln, NE",350626
Metrópoli municipal,28.2.03,Metrópoli municipal de Ciudad Victoria,349688
Metropolitan Statistical Area,17300,"Clarksville, TN-KY",345955
Departamento,00.00.02,Colón,345363
Zona metropolitana,30.1.02,Zona metropolitana de Córdoba,340564
Zona metropolitana,30.1.05,Zona metropolitana de Poza Rica,337199
Metropolitan Statistical Area,40420,"Rockford, IL",337103
Zona metropolitana,12.1.01,Zona metropolitana de Chilpancingo,336480
Metropolitan Statistical Area,24580,"Green Bay, WI",334697
Metrópoli municipal,23.2.03,Metrópoli municipal de Playa del Carmen,333800
Metropolitan Statistical Area,14500,"Boulder, CO",330262
Zona metropolitana,06.1.01,Zona metropolitana de Colima-Villa de Álvarez,328471
Metropolitan Statistical Area,43780,"South Bend-Mishawaka, IN-MI",325294
Metropolitan Statistical Area,17980,"Columbus, GA-AL",324343
Zona metropolitana,30.1.03,Zona metropolitana de Minatitlán,320559
Metropolitan Statistical Area,28420,"Kennewick-Richland, WA",319428
Metropolitan Statistical Area,40220,"Roanoke, VA",315749
Zona metropolitana,21.1.02,Zona metropolitana de San Martín Texmelucan,314514
Metropolitan Statistical Area,28700,"Kingsport-Bristol, TN-VA",313876
Metropolitan Statistical Area,25180,"Hagerstown-Martinsburg, MD-WV",311295
Metropolitan Statistical Area,18880,"Crestview-Fort Walton Beach-Destin, FL",310149
Metropolitan Statistical Area,43620,"Sioux Falls, SD-MN",308266
Metropolitan Statistical Area,47380,"Waco, TX",307123
Metropolitan Statistical Area,36500,"Olympia-Lacey-Tumwater, WA",302912
Metropolitan Statistical Area,32900,"Merced, CA",296774
Metropolitan Statistical Area,30980,"Longview, TX",295490
Metrópoli municipal,04.2.01,Metrópoli municipal de Campeche,294077
Metrópoli municipal,03.2.01,Metrópoli municipal de La Paz,292241
Metropolitan Statistical Area,46540,"Utica-Rome, NY",287932
Metropolitan Statistical Area,17780,"College Station-Bryan, TX",287462
Metropolitan Statistical Area,35980,"Norwich-New London-Willimantic, CT",282602
Metropolitan Statistical Area,46220,"Tuscaloosa, AL",281963
Metropolitan Statistical Area,42020,"San Luis Obispo-Paso Robles, CA",281843
Metropolitan Statistical Area,20260,"Duluth, MN-WI",281815
Metropolitan Statistical Area,14740,"Bremerton-Silverdale-Port Orchard, WA",281420
Metropolitan Statistical Area,16300,"Cedar Rapids, IA",278677
Metropolitan Statistical Area,43640,"Slidell-Mandeville-Covington, LA",277615
Metropolitan Statistical Area,11100,"Amarillo, TX",274650
Zona metropolitana,16.1.03,Zona metropolitana de Zamora,273641
Metropolitan Statistical Area,29700,"Laredo, TX",272823
Metropolitan Statistical Area,21780,"Evansville, IN",271793
Micropolitan Statistical Area,42580,"Seaford, DE",271134
Zona conurbada,11.3.06,Zona conurbada de Silao,269322
Zona metropolitana,13.1.02,Zona metropolitana de Tulancingo,268351
Metropolitan Statistical Area,22020,"Fargo, ND-MN",267793
Metropolitan Statistical Area,21500,"Erie, PA",267750
Metropolitan Statistical Area,31340,"Lynchburg, VA",266432
Departamento,00.00.10,Intibucá,265006
Metrópoli municipal,26.2.04,Metrópoli municipal de Nogales,264782
Metropolitan Statistical Area,28020,"Kalamazoo-Portage, MI",264780
Metropolitan Statistical Area,13460,"Bend, OR",264407
Metropolitan Statistical Area,42100,"Santa Cruz-Watsonville, CA",262406
Metropolitan Statistical Area,19300,"Daphne-Fairhope-Foley, AL",261608
Zona metropolitana,16.1.01,Zona metropolitana de La Piedad-Pénjamo,261450
Metropolitan Statistical Area,49420,"Yakima, WA",258523
Metropolitan Statistical Area,39150,"Prescott Valley-Prescott, AZ",252013
Metropolitan Statistical Area,46340,"Tyler, TX",249091
Metropolitan Statistical Area,11540,"Appleton, WI",248992
Metropolitan Statistical Area,13780,"Binghamton, NY",243971
Metropolitan Statistical Area,29340,"Lake Charles, LA",242975
Metropolitan Statistical Area,16580,"Champaign-Urbana, IL",242453
Metropolitan Statistical Area,31420,"Macon-Bibb County, GA",237617
Metropolitan Statistical Area,25940,"Hilton Head Island-Bluffton-Port Royal, SC",237393
Metropolitan Statistical Area,13380,"Bellingham, WA",234954
Metrópoli municipal,23.2.02,Metrópoli municipal de Chetumal,233648
Metropolitan Statistical Area,22900,"Fort Smith, AR-OK",232848
Metropolitan Statistical Area,45820,"Topeka, KS",232648
Metropolitan Statistical Area,12700,"Barnstable Town, MA",232570
Metropolitan Statistical Area,40340,"Rochester, MN",230742
Metropolitan Statistical Area,29200,"Lafayette-West Lafayette, IN",229701
Metropolitan Statistical Area,15540,"Burlington-South Burlington, VT",229445
Metropolitan Statistical Area,29740,"Las Cruces, NM",229366
Metropolitan Statistical Area,16820,"Charlottesville, VA",227336
Metropolitan Statistical Area,29420,"Lake Havasu City-Kingman, AZ",226479
Metropolitan Statistical Area,37460,"Panama City-Panama City Beach, FL",226221
Micropolitan Statistical Area,30150,"Lebanon-Claremont, NH-VT",224804
Departamento,00.00.12,La Paz,224553
Metropolitan Statistical Area,12020,"Athens-Clarke County, GA",223689
Zona conurbada,16.3.05,Zona conurbada de Lázaro Cárdenas,222352
Metropolitan Statistical Area,33740,"Monroe, LA",221921
Metropolitan Statistical Area,23580,"Gainesville, GA",221745
Metropolitan Statistical Area,32780,"Medford, OR",221331
Metropolitan Statistical Area,49740,"Yuma, AZ",220310
Metropolitan Statistical Area,17860,"Columbia, MO",219426
Metropolitan Statistical Area,27740,"Johnson City, TN",214948
Metropolitan Statistical Area,27340,"Jacksonville, NC",212954
Zona metropolitana,08.1.02,Zona metropolitana de Delicias,212135
Metropolitan Statistical Area,39460,"Punta Gorda, FL",212122
Metropolitan Statistical Area,30500,"Lexington Park, MD",211382
Micropolitan Statistical Area,25900,"Hilo-Kailua, HI",209790
Zona metropolitana,05.1.03,Zona metropolitana de Piedras Negras,209456
Metropolitan Statistical Area,17020,"Chico, CA",208334
Zona metropolitana,26.1.01,Zona metropolitana de Guaymas,208294
Metropolitan Statistical Area,41100,"St. George, UT",207943
Metropolitan Statistical Area,21140,"Elkhart-Goshen, IN",207436
Metropolitan Statistical Area,27900,"Joplin, MO-KS",207131
Metropolitan Statistical Area,44100,"Springfield, IL",206308
Metropolitan Statistical Area,12220,"Auburn-Opelika, AL",206006
Metropolitan Statistical Area,41060,"St. Cloud, MN",205878
Metropolitan Statistical Area,47580,"Warner Robins, GA",204110
Metropolitan Statistical Area,16620,"Charleston, WV",202091
Metropolitan Statistical Area,22500,"Florence, SC",200474
Metropolitan Statistical Area,26380,"Houma-Bayou Cane-Thibodaux, LA",199206
Metropolitan Statistical Area,39540,"Racine-Mount Pleasant, WI",198651
Metropolitan Statistical Area,14540,"Bowling Green, KY",195159
Metrópoli municipal,11.2.03,Metrópoli municipal de Guanajuato,194500
Metropolitan Statistical Area,20100,"Dover, DE",192690
Metropolitan Statistical Area,13740,"Billings, MT",192531
Departamento,00.00.17,Valle,189690
Metropolitan Statistical Area,33260,"Midland, TX",188766
Metropolitan Statistical Area,17660,"Coeur d'Alene, ID",188323
Metropolitan Statistical Area,40980,"Saginaw, MI",187714
Metropolitan Statistical Area,49700,"Yuba City, CA",186014
Zona conurbada,14.3.03,Zona conurbada de Ocotlán,184603
Metropolitan Statistical Area,10180,"Abilene, TX",184278
Metropolitan Statistical Area,27180,"Jackson, TN",183680
Zona conurbada,15.3.03,Zona conurbada de Tianguistenco,183281
Metropolitan Statistical Area,15500,"Burlington, NC",183040
Metropolitan Statistical Area,28740,"Kingston, NY",182977
Metropolitan Statistical Area,26980,"Iowa City, IA",182711
Metropolitan Statistical Area,13980,"Blacksburg-Christiansburg-Radford, VA",182041
Metropolitan Statistical Area,20940,"El Centro, CA",181724
Metropolitan Statistical Area,39820,"Redding, CA",181121
Metropolitan Statistical Area,24780,"Greenville, NC",180783
Metropolitan Statistical Area,34740,"Muskegon-Norton Shores, MI",177428
Metropolitan Statistical Area,20740,"Eau Claire, WI",176153
Metropolitan Statistical Area,36780,"Oshkosh-Neenah, WI",173307
Metropolitan Statistical Area,42680,"Sebastian-Vero Beach-West Vero Corridor, FL",172139
Metropolitan Statistical Area,14010,"Bloomington, IL",172069
Metropolitan Statistical Area,26820,"Idaho Falls, ID",171233
Metropolitan Statistical Area,29100,"La Crosse-Onalaska, WI-MN",170763
Metropolitan Statistical Area,26140,"Homosassa Springs, FL",170174
Metropolitan Statistical Area,47940,"Waterloo-Cedar Falls, IA",170081
Metropolitan Statistical Area,36220,"Odessa, TX",170022
Metropolitan Statistical Area,39380,"Pueblo, CO",169866
Metropolitan Statistical Area,45460,"Terre Haute, IN",168874
Metropolitan Statistical Area,28450,"Kenosha, WI",168754
Micropolitan Statistical Area,20700,"East Stroudsburg, PA",166523
Departamento,00.00.14,Ocotepeque,165483
Metropolitan Statistical Area,27500,"Janesville-Beloit, WI",165461
Metropolitan Statistical Area,11200,"Amherst Town-Northampton, MA",165399
Metropolitan Statistical Area,27980,"Kahului-Wailuku, HI",163769
Metropolitan Statistical Area,14020,"Bloomington, IN",162553
Metropolitan Statistical Area,24300,"Grand Junction, CO",161260
Metropolitan Statistical Area,30860,"Logan, UT-ID",161125
Metropolitan Statistical Area,27100,"Jackson, MI",160233
Metropolitan Statistical Area,44300,"State College, PA",159805
Metropolitan Statistical Area,19460,"Decatur, AL",159651
Metropolitan Statistical Area,16540,"Chambersburg, PA",159285
Micropolitan Statistical Area,18180,"Concord, NH",157869
Metropolitan Statistical Area,42140,"Santa Fe, NM",157765
Metropolitan Statistical Area,12620,"Bangor, ME",156840
Metropolitan Statistical Area,45900,"Traverse City, MI",156634
Metropolitan Statistical Area,25620,"Hattiesburg, MS",156575
Metropolitan Statistical Area,22520,"Florence-Muscle Shoals, AL",156287
Metropolitan Statistical Area,39660,"Rapid City, SD",156227
Metropolitan Statistical Area,33780,"Monroe, MI",156045
Metropolitan Statistical Area,47220,"Vineland, NJ",155678
Metropolitan Statistical Area,25260,"Hanford-Corcoran, CA",154913
Metropolitan Statistical Area,20020,"Dothan, AL",154766
Metropolitan Statistical Area,48680,"Wildwood-The Villages, FL",154693
Metropolitan Statistical Area,35660,"Niles, MI",152703
Metropolitan Statistical Area,46660,"Valdosta, GA",152588
Metropolitan Statistical Area,27620,"Jefferson City, MO",151523
Metropolitan Statistical Area,43300,"Sherman-Denison, TX",150532
Micropolitan Statistical Area,18260,"Cookeville, TN",149929
Metropolitan Statistical Area,48660,"Wichita Falls, TX",149869
Micropolitan Statistical Area,18340,"Corbin, KY",149835
Metropolitan Statistical Area,49020,"Winchester, VA-WV",149702
Metropolitan Statistical Area,10780,"Alexandria, LA",148008
Metropolitan Statistical Area,40580,"Rocky Mount, NC",147114
Micropolitan Statistical Area,36837,"Ottawa, IL",146509
Metropolitan Statistical Area,19140,"Dalton, GA",146386
Micropolitan Statistical Area,11360,"Anderson Creek, NC",146096
Zona conurbada,24.3.03,Zona conurbada de Rioverde,146049
Metropolitan Statistical Area,43580,"Sioux City, IA-NE-SD",145994
Metropolitan Statistical Area,45500,"Texarkana, TX-AR",145576
Metropolitan Statistical Area,10500,"Albany, GA",145451
Metropolitan Statistical Area,30140,"Lebanon, PA",145319
Metropolitan Statistical Area,22380,"Flagstaff, AZ",145161
Micropolitan Statistical Area,39060,"Pottsville, PA",144523
Zona conurbada,06.3.02,Zona conurbada de Tecomán,143931
Metropolitan Statistical Area,34060,"Morgantown, WV",142752
Metropolitan Statistical Area,25220,"Hammond, LA",139823
Metropolitan Statistical Area,13900,"Bismarck, ND",139183
Metropolitan Statistical Area,48140,"Wausau, WI",139091
Metropolitan Statistical Area,25500,"Harrisonburg, VA",138838
Zona conurbada,21.3.05,Zona conurbada de Teziutlán,138806
Zona conurbada,11.3.05,Zona conurbada de Moroleón-Uriangato,138665
Metropolitan Statistical Area,27860,"Jonesboro, AR",138152
Metropolitan Statistical Area,48540,"Wheeling, WV-OH",135136
Metropolitan Statistical Area,44220,"Springfield, OH",134985
Metropolitan Statistical Area,31740,"Manhattan, KS",134892
Metropolitan Statistical Area,12980,"Battle Creek, MI",133785
Metropolitan Statistical Area,34580,"Mount Vernon-Anacortes, WA",132736
Metropolitan Statistical Area,34900,"Napa, CA",132727
Micropolitan Statistical Area,46180,"Tupelo, MS",132699
Metropolitan Statistical Area,10540,"Albany, OR",132474
Micropolitan Statistical Area,21700,"Eureka-Arcata, CA",132380
Metropolitan Statistical Area,17420,"Cleveland, TN",132120
Metropolitan Statistical Area,41540,"Salisbury, MD",131570
Zona conurbada,20.3.02,Zona conurbada de Juchitán de Zaragoza,131534
Metropolitan Statistical Area,27780,"Johnstown, PA",130108
Micropolitan Statistical Area,40080,"Richmond-Berea, KY",129810
Metropolitan Statistical Area,11180,"Ames, IA",129227
Metropolitan Statistical Area,38340,"Pittsfield, MA",128726
Metropolitan Statistical Area,44420,"Staunton-Stuarts Draft, VA",128481
Micropolitan Statistical Area,12300,"Augusta-Waterville, ME",128461
Metropolitan Statistical Area,21060,"Elizabethtown, KY",127954
Metropolitan Statistical Area,33540,"Missoula, MT",127741
Metropolitan Statistical Area,48300,"Wenatchee-East Wenatchee, WA",127023
Metropolitan Statistical Area,14580,"Bozeman, MT",126984
Metropolitan Statistical Area,34100,"Morristown, TN",126932
Metropolitan Statistical Area,30020,"Lawton, OK",126899
Micropolitan Statistical Area,35100,"New Bern, NC",126179
Metropolitan Statistical Area,43420,"Sierra Vista-Douglas, AZ",125773
Metropolitan Statistical Area,24020,"Glens Falls, NY",125127
Metropolitan Statistical Area,31900,"Mansfield, OH",124853
Micropolitan Statistical Area,27460,"Jamestown-Dunkirk, NY",124105
Metropolitan Statistical Area,46300,"Twin Falls, ID",122565
Micropolitan Statistical Area,26090,"Holland, MI",122429
Metropolitan Statistical Area,29940,"Lawrence, KS",121989
Zona conurbada,08.3.04,Zona conurbada de Hidalgo del Parral,121666
Metropolitan Statistical Area,41660,"San Angelo, TX",121629
Metropolitan Statistical Area,22140,"Farmington, NM",120817
Metropolitan Statistical Area,24140,"Goldsboro, NC",120338
Metropolitan Statistical Area,11020,"Altoona, PA",120269
Metropolitan Statistical Area,41140,"St. Joseph, MO-KS",119124
Micropolitan Statistical Area,31300,"Lumberton, NC",118624
Metropolitan Statistical Area,43100,"Sheboygan, WI",118331
Metropolitan Statistical Area,15260,"Brunswick-St. Simons, GA",117135
Micropolitan Statistical Area,49300,"Wooster, OH",116632
Metropolitan Statistical Area,11500,"Anniston-Oxford, AL",116427
Metropolitan Statistical Area,30340,"Lewiston-Auburn, ME",115272
Zona conurbada,16.3.06,Zona conurbada de Sahuayo,114635
Micropolitan Statistical Area,28060,"Kalispell, MT",114527
Zona conurbada,30.3.08,Zona conurbada de Acayucan,114416
Micropolitan Statistical Area,45860,"Torrington, CT",114101
Metropolitan Statistical Area,31020,"Longview-Kelso, WA",113982
Zona conurbada,21.3.04,Zona conurbada de Huauchinango,113774
Metropolitan Statistical Area,36980,"Owensboro, KY",113583
Metropolitan Statistical Area,41780,"Sandusky, OH",113533
Metropolitan Statistical Area,48260,"Weirton-Steubenville, WV-OH",113239
Metropolitan Statistical Area,48700,"Williamsport, PA",113236
Metropolitan Statistical Area,48060,"Watertown-Fort Drum, NY",113140
Metropolitan Statistical Area,34620,"Muncie, IN",112951
Micropolitan Statistical Area,40700,"Roseburg, OR",112255
Metropolitan Statistical Area,33140,"Michigan City-La Porte, IN",111348
Metropolitan Statistical Area,13220,"Beckley, WV",110979
Metropolitan Statistical Area,42700,"Sebring, FL",109778
Micropolitan Statistical Area,43320,"Show Low, AZ",109516
Metropolitan Statistical Area,38240,"Pinehurst-Southern Pines, NC",108417
Micropolitan Statistical Area,44980,"Sunbury, PA",108142
Micropolitan Statistical Area,25850,"Hermitage, PA",108140
Metropolitan Statistical Area,23900,"Gettysburg, PA",107914
Zona conurbada,24.3.02,Zona conurbada de Matehuala,107497
Zona conurbada,05.3.05,Zona conurbada de Sabinas,107071
Metropolitan Statistical Area,28100,"Kankakee, IL",106410
Zona conurbada,29.3.02,Zona conurbada de Huamantla,106268
Micropolitan Statistical Area,32390,"Massena-Ogdensburg, NY",106198
Micropolitan Statistical Area,48580,"Whitewater-Elkhorn, WI",106029
Metropolitan Statistical Area,27060,"Ithaca, NY",105602
Micropolitan Statistical Area,29300,"LaGrange, GA-AL",105326
Metropolitan Statistical Area,31860,"Mankato, MN",105193
Metropolitan Statistical Area,44940,"Sumter, SC",104776
Micropolitan Statistical Area,34180,"Moses Lake, WA",104717
Metropolitan Statistical Area,22540,"Fond du Lac, WI",104269
Departamento,00.00.09,Gracias a Dios,104261
Metropolitan Statistical Area,24220,"Grand Forks, ND-MN",104184
Metropolitan Statistical Area,23460,"Gadsden, AL",103207
Metropolitan Statistical Area,13020,"Bay City, MI",102651
Metropolitan Statistical Area,37140,"Paducah, KY-IL",102395
Micropolitan Statistical Area,46020,"Truckee-Grass Valley, CA",102195
Micropolitan Statistical Area,43140,"Shelby-Kings Mountain, NC",102194
Micropolitan Statistical Area,10700,"Albertville, AL",102156
Metropolitan Statistical Area,16940,"Cheyenne, WY",101783
Micropolitan Statistical Area,19260,"Danville, VA",101403
Metropolitan Statistical Area,40660,"Rome, GA",101390
Metropolitan Statistical Area,30620,"Lima, OH",100866
Metropolitan Statistical Area,19500,"Decatur, IL",100737
Micropolitan Statistical Area,42940,"Sevierville, TN",100184
Micropolitan Statistical Area,14660,"Brainerd, MN",100084
Metropolitan Statistical Area,26300,"Hot Springs, AR",99902
Micropolitan Statistical Area,41400,"Salem, OH",99823
Metropolitan Statistical Area,20220,"Dubuque, IA",99242
Metropolitan Statistical Area,47020,"Victoria, TX",99170
Zona conurbada,31.3.02,Zona conurbada de Valladolid,99057
Metropolitan Statistical Area,18700,"Corvallis, OR",98899
Metropolitan Statistical Area,16020,"Cape Girardeau, MO-IL",98862
Zona conurbada,26.3.05,Zona conurbada de Caborca,98244
Micropolitan Statistical Area,10300,"Adrian, MI",97746
Micropolitan Statistical Area,39480,"Putnam, CT",97701
Metropolitan Statistical Area,25740,"Helena, MT",96735
Micropolitan Statistical Area,14140,"Bluefield, WV-VA",96399
Micropolitan Statistical Area,44340,"Statesboro, GA",96323
Metropolitan Statistical Area,21820,"Fairbanks-College, AK",94951
Micropolitan Statistical Area,24940,"Greenwood, SC",94648
Micropolitan Statistical Area,19060,"Cumberland, MD-WV",93875
Micropolitan Statistical Area,27600,"Jefferson, GA",93825
Micropolitan Statistical Area,25840,"Hermiston-Pendleton, OR",92851
Micropolitan Statistical Area,18980,"Cullman, AL",92604
Micropolitan Statistical Area,35420,"New Philadelphia-Dover, OH",92048
Micropolitan Statistical Area,18500,"Corning, NY",92015
Micropolitan Statistical Area,45180,"Talladega-Sylacauga, AL",91666
Metropolitan Statistical Area,38540,"Pocatello, ID",91010
Micropolitan Statistical Area,38210,"Pikeville, KY",89962
Micropolitan Statistical Area,46380,"Ukiah, CA",89175
Metropolitan Statistical Area,25980,"Hinesville, GA",89046
Micropolitan Statistical Area,13180,"Beaver Dam, WI",88635
Micropolitan Statistical Area,17220,"Clarksburg, WV",88525
Metropolitan Statistical Area,24420,"Grants Pass, OR",88276
Micropolitan Statistical Area,31260,"Lufkin, TX",88094
Zona conurbada,20.3.03,Zona conurbada de Salina Cruz,87745
Metropolitan Statistical Area,37620,"Parkersburg-Vienna, WV",87681
Micropolitan Statistical Area,11980,"Athens, TX",87467
Zona conurbada,20.3.04,Zona conurbada de Tehuantepec,87435
Micropolitan Statistical Area,16500,"Centralia, WA",87049
Micropolitan Statistical Area,49780,"Zanesville, OH",86582
Micropolitan Statistical Area,36020,"Oak Harbor, WA",86478
Micropolitan Statistical Area,48020,"Watertown-Fort Atkinson, WI",86245
Micropolitan Statistical Area,32940,"Meridian, MS",85743
Micropolitan Statistical Area,40780,"Russellville, AR",84963
Metropolitan Statistical Area,18020,"Columbus, IN",84741
Metropolitan Statistical Area,24500,"Great Falls, MT",84523
Micropolitan Statistical Area,44660,"Stillwater, OK",84199
Metropolitan Statistical Area,29020,"Kokomo, IN",84082
Metropolitan Statistical Area,33220,"Midland, MI",84022
Micropolitan Statistical Area,26660,"Huntsville, TX",83722
Zona conurbada,15.3.02,Zona conurbada de Ozumba,83185
Micropolitan Statistical Area,36700,"Orangeburg, SC",83129
Micropolitan Statistical Area,26860,"Indiana, PA",82953
Micropolitan Statistical Area,42860,"Seneca, SC",82475
Micropolitan Statistical Area,32740,"Meadville, PA",82089
Micropolitan Statistical Area,29860,"Laurel, MS",81636
Micropolitan Statistical Area,31820,"Manitowoc, WI",81513
Metropolitan Statistical Area,21300,"Elmira, NY",81115
Micropolitan Statistical Area,25720,"Heber, UT",80967
Micropolitan Statistical Area,28580,"Key West-Key Largo, FL",80908
Micropolitan Statistical Area,36660,"Opelousas, LA",80869
Micropolitan Statistical Area,47700,"Warsaw, IN",80669
Micropolitan Statistical Area,33910,"Monticello, NY",80450
Metropolitan Statistical Area,16220,"Casper, WY",80410
Micropolitan Statistical Area,48980,"Wilson, NC",79958
Micropolitan Statistical Area,40090,"Rifle, CO",79810
Micropolitan Statistical Area,42620,"Searcy, AR",79091
Micropolitan Statistical Area,20180,"DuBois, PA",78132
Micropolitan Statistical Area,28300,"Keene, NH",78078
Micropolitan Statistical Area,38820,"Port Angeles, WA",77958
Micropolitan Statistical Area,10140,"Aberdeen, WA",77893
Micropolitan Statistical Area,38460,"Plattsburgh, NY",77871
Micropolitan Statistical Area,23180,"Frankfort, KY",77325
Micropolitan Statistical Area,37260,"Palatka, FL",77301
Metropolitan Statistical Area,24260,"Grand Island, NE",77278
Micropolitan Statistical Area,17060,"Chillicothe, OH",76046
Metropolitan Statistical Area,33500,"Minot, ND",75938
Micropolitan Statistical Area,36460,"Olean, NY",75475
Micropolitan Statistical Area,26020,"Hobbs, NM",75151
Micropolitan Statistical Area,22300,"Findlay, OH",75016
Departamento,00.00.11,Islas de la Bahía,74938
Micropolitan Statistical Area,12180,"Auburn, NY",74567
Micropolitan Statistical Area,43060,"Shawnee, OK",74446
Micropolitan Statistical Area,29380,"Lake City, FL",73977
Micropolitan Statistical Area,39500,"Quincy, IL-MO",73961
Micropolitan Statistical Area,49220,"Wisconsin Rapids-Marshfield, WI",73943
Micropolitan Statistical Area,28180,"Kapaa, HI",73840
Micropolitan Statistical Area,24620,"Greeneville, TN",73398
Micropolitan Statistical Area,22840,"Fort Payne, AL",73122
Micropolitan Statistical Area,45620,"Thomasville, GA",72325
Micropolitan Statistical Area,37060,"Oxford, MS",72301
Micropolitan Statistical Area,43740,"Somerset, PA",72134
Micropolitan Statistical Area,44620,"Stevens Point-Plover, WI",72040
Micropolitan Statistical Area,39020,"Portsmouth, OH",71798
Micropolitan Statistical Area,34340,"Mount Airy, NC",71547
Micropolitan Statistical Area,19180,"Danville, IL",71106
Micropolitan Statistical Area,38220,"Pine Bluff, AR",71039
Micropolitan Statistical Area,24640,"Greenfield, MA",70871
Micropolitan Statistical Area,11940,"Athens, TN",70691
Micropolitan Statistical Area,28900,"Klamath Falls, OR",70438
Micropolitan Statistical Area,33980,"Morehead City, NC",70259
Micropolitan Statistical Area,39940,"Rexburg, ID",69948
Micropolitan Statistical Area,10460,"Alamogordo, NM",69711
Micropolitan Statistical Area,43220,"Shelton, WA",69632
Micropolitan Statistical Area,24180,"Granbury, TX",69126
Micropolitan Statistical Area,14940,"Brigham City, UT-ID",69096
Micropolitan Statistical Area,22060,"Faribault-Northfield, MN",69025
Micropolitan Statistical Area,23700,"Gallup, NM",68945
Micropolitan Statistical Area,41820,"Sanford, NC",68537
Micropolitan Statistical Area,46100,"Tullahoma-Manchester, TN",68058
Micropolitan Statistical Area,37020,"Owosso, MI",67982
Micropolitan Statistical Area,32100,"Marquette, MI",67979
Micropolitan Statistical Area,17340,"Clearlake, CA",67764
Micropolitan Statistical Area,35340,"New Iberia, LA",67540
Micropolitan Statistical Area,22100,"Farmington, MO",67503
Micropolitan Statistical Area,10620,"Albemarle, NC",67326
Micropolitan Statistical Area,32060,"Marion-Herrin, IL",67064
Micropolitan Statistical Area,18060,"Columbus, MS",67035
Micropolitan Statistical Area,43700,"Somerset, KY",66842
Micropolitan Statistical Area,34780,"Muskogee, OK",66752
Micropolitan Statistical Area,40100,"Rio Grande City-Roma, TX",66587
Micropolitan Statistical Area,12660,"Baraboo, WI",66486
Micropolitan Statistical Area,31980,"Marion, IN",66458
Micropolitan Statistical Area,39980,"Richmond, IN",66410
Micropolitan Statistical Area,35900,"North Wilkesboro, NC",66186
Micropolitan Statistical Area,34680,"Murrells Inlet, SC",66035
Micropolitan Statistical Area,14100,"Bloomsburg-Berwick, PA",66012
Micropolitan Statistical Area,16260,"Cedar City, UT",65936
Micropolitan Statistical Area,17580,"Clovis, NM",65869
Micropolitan Statistical Area,34860,"Nacogdoches, TX",65728
Micropolitan Statistical Area,18900,"Crossville, TN",65618
Micropolitan Statistical Area,22580,"Forest City, NC",65587
Micropolitan Statistical Area,31940,"Marinette, WI-MI",65393
Metropolitan Statistical Area,30300,"Lewiston, ID-WA",65370
Micropolitan Statistical Area,29060,"Laconia, NH",65257
Micropolitan Statistical Area,34380,"Mount Pleasant, MI",65072
Micropolitan Statistical Area,32020,"Marion, OH",64976
Micropolitan Statistical Area,39780,"Red Bluff, CA",64451
Micropolitan Statistical Area,18300,"Coos Bay-North Bend, OR",64326
Micropolitan Statistical Area,34540,"Mount Vernon, OH",63848
Micropolitan Statistical Area,40740,"Roswell, NM",63697
Micropolitan Statistical Area,40260,"Roanoke Rapids, NC",63572
Micropolitan Statistical Area,32300,"Martinsville, VA",63219
Micropolitan Statistical Area,11900,"Athens, OH",63218
Micropolitan Statistical Area,48200,"Waynesville, NC",63048
Micropolitan Statistical Area,37580,"Paris, TX",62945
Micropolitan Statistical Area,25770,"Hemlock Farms, PA",62376
Metropolitan Statistical Area,47460,"Walla Walla, WA",62068
Metropolitan Statistical Area,21420,"Enid, OK",62007
Micropolitan Statistical Area,44260,"Starkville, MS",62004
Micropolitan Statistical Area,16100,"Carlsbad-Artesia, NM",61436
Micropolitan Statistical Area,26740,"Hutchinson, KS",61417
Micropolitan Statistical Area,44780,"Sturgis, MI",61171
Micropolitan Statistical Area,22260,"Fergus Falls, MN",60884
Micropolitan Statistical Area,15660,"Calhoun, GA",60765
Micropolitan Statistical Area,36580,"Oneonta, NY",60524
Micropolitan Statistical Area,26460,"Hudson, NY",60299
Micropolitan Statistical Area,40860,"Rutland, VT",60198
Zona conurbada,13.3.03,Zona conurbada de Atitalaquia,60151
Micropolitan Statistical Area,36620,"Ontario, OR-ID",59977
Micropolitan Statistical Area,12740,"Barre, VT",59844
Micropolitan Statistical Area,42380,"Sayre, PA",59699
Micropolitan Statistical Area,37300,"Palestine, TX",59512
Micropolitan Statistical Area,20140,"Dublin, GA",59465
Micropolitan Statistical Area,41460,"Salina, KS",59312
Micropolitan Statistical Area,17500,"Clewiston, FL",59262
Micropolitan Statistical Area,28680,"Kingsland, GA",59099
Micropolitan Statistical Area,38100,"Picayune, MS",59030
Micropolitan Statistical Area,23380,"Fremont, OH",58866
Metropolitan Statistical Area,20580,"Eagle Pass, TX",58829
Micropolitan Statistical Area,31930,"Marietta, OH",58332
Micropolitan Statistical Area,35940,"Norwalk, OH",58168
Metropolitan Statistical Area,16180,"Carson City, NV",58148
Micropolitan Statistical Area,28260,"Kearney, NE",57905
Micropolitan Statistical Area,23500,"Gaffney, SC",57770
Micropolitan Statistical Area,12860,"Batavia, NY",57604
Micropolitan Statistical Area,25775,"Henderson, KY",57029
Micropolitan Statistical Area,34420,"Mount Pleasant, TX",56895
Micropolitan Statistical Area,48180,"Waycross, GA",56891
Micropolitan Statistical Area,20420,"Durango, CO",56823
Micropolitan Statistical Area,14700,"Branson, MO",56744
Micropolitan Statistical Area,18620,"Corsicana, TX",56533
Micropolitan Statistical Area,21460,"Enterprise, AL",56358
Micropolitan Statistical Area,19220,"Danville, KY",56304
Micropolitan Statistical Area,21220,"Elko, NV",56240
Micropolitan Statistical Area,23980,"Glasgow, KY",56167
Micropolitan Statistical Area,37220,"Pahrump, NV",55990
Micropolitan Statistical Area,47660,"Warrensburg, MO",55880
Micropolitan Statistical Area,21900,"Fairmont, WV",55649
Micropolitan Statistical Area,28820,"Kinston, NC",55332
Micropolitan Statistical Area,14380,"Boone, NC",54997
Micropolitan Statistical Area,45660,"Tiffin, OH",54730
Micropolitan Statistical Area,44580,"Sterling, IL",54657
Micropolitan Statistical Area,36180,"Ocean Pines, MD",54337
Micropolitan Statistical Area,20780,"Edwards, CO",54330
Micropolitan Statistical Area,43180,"Shelbyville, TN",54228
Micropolitan Statistical Area,37740,"Payson, AZ",54073
Micropolitan Statistical Area,12780,"Bartlesville, OK",54060
Micropolitan Statistical Area,22780,"Fort Leonard Wood, MO",53964
Micropolitan Statistical Area,41760,"Sandpoint, ID",53955
Micropolitan Statistical Area,28500,"Kerrville, TX",53900
Micropolitan Statistical Area,43760,"Sonora, CA",53893
Micropolitan Statistical Area,42460,"Scottsboro, AL",53780
Micropolitan Statistical Area,35020,"Natchez, MS-LA",53371
Micropolitan Statistical Area,27380,"Jacksonville, TX",53223
Micropolitan Statistical Area,16060,"Carbondale, IL",53199
Micropolitan Statistical Area,32620,"McComb, MS",52819
Micropolitan Statistical Area,11740,"Ashland, OH",52420
Micropolitan Statistical Area,38420,"Platteville, WI",52330
Micropolitan Statistical Area,20060,"Douglas, GA",52286
Micropolitan Statistical Area,24100,"Gloversville, NY",52073
Micropolitan Statistical Area,24820,"Greenville, OH",51462
Micropolitan Statistical Area,40300,"Rochelle, IL",51345
Micropolitan Statistical Area,35440,"Newport, OR",51212
Micropolitan Statistical Area,13940,"Blackfoot, ID",50889
Micropolitan Statistical Area,45700,"Tifton, GA",50731
Micropolitan Statistical Area,23820,"Gardnerville Ranchos, NV-CA",50663
Micropolitan Statistical Area,35700,"Nogales, AZ",50508
Micropolitan Statistical Area,20460,"Durant, OK",50305
Micropolitan Statistical Area,15860,"Cañon City, CO",50093
Micropolitan Statistical Area,37120,"Ozark, AL",50067
Micropolitan Statistical Area,49100,"Winona, MN",49973
Micropolitan Statistical Area,32380,"Mason City, IA",49800
Micropolitan Statistical Area,43460,"Sikeston, MO",49707
Micropolitan Statistical Area,15620,"Cadillac, MI",49699
Micropolitan Statistical Area,18460,"Cornelia, GA",49665
Micropolitan Statistical Area,11220,"Amsterdam, NY",49648
Micropolitan Statistical Area,36340,"Oil City, PA",49476
Micropolitan Statistical Area,11620,"Ardmore, OK",49135
Micropolitan Statistical Area,35220,"New Castle, IN",49081
Micropolitan Statistical Area,45140,"Tahlequah, OK",48729
Micropolitan Statistical Area,23660,"Galesburg, IL",48716
Micropolitan Statistical Area,35740,"Norfolk, NE",48669
Micropolitan Statistical Area,15420,"Burley, ID",48667
Micropolitan Statistical Area,39420,"Pullman, WA",48399
Micropolitan Statistical Area,40820,"Ruston, LA",48243
Micropolitan Statistical Area,21260,"Ellensburg, WA",48172
Micropolitan Statistical Area,34460,"Mount Sterling, KY",48063
Micropolitan Statistical Area,19620,"Del Rio, TX",47999
Micropolitan Statistical Area,39860,"Red Wing, MN",47982
Micropolitan Statistical Area,43380,"Sidney, OH",47952
Micropolitan Statistical Area,23940,"Gillette, WY",47946
Micropolitan Statistical Area,28340,"Kendallville, IN",47811
Micropolitan Statistical Area,42980,"Seymour, IN",47420
Micropolitan Statistical Area,34220,"Moultrie, GA",46977
Micropolitan Statistical Area,37500,"Paragould, AR",46928
Micropolitan Statistical Area,39960,"Rice Lake, WI",46810
Micropolitan Statistical Area,34020,"Morgan City, LA",46799
Micropolitan Statistical Area,13420,"Bemidji, MN",46762
Micropolitan Statistical Area,29980,"Lawrenceburg, TN",46467
Micropolitan Statistical Area,38500,"Plymouth, IN",46464
Micropolitan Statistical Area,16660,"Charleston-Mattoon, IL",46423
Micropolitan Statistical Area,43890,"Sparta, WI",46370
Micropolitan Statistical Area,18100,"Columbus, NE",46325
Micropolitan Statistical Area,17740,"Coldwater, MI",46187
Micropolitan Statistical Area,32860,"Menomonie, WI",46135
Micropolitan Statistical Area,13340,"Bellefontaine, OH",46085
Micropolitan Statistical Area,17540,"Clinton, IA",46015
Micropolitan Statistical Area,18660,"Cortland, NY",45945
Micropolitan Statistical Area,30380,"Lewistown, PA",45935
Micropolitan Statistical Area,47540,"Wapakoneta, OH",45922
Micropolitan Statistical Area,40620,"Rolla, MO",45672
Micropolitan Statistical Area,25460,"Harrison, AR",45662
Micropolitan Statistical Area,14710,"Brattleboro, VT",45627
Micropolitan Statistical Area,10860,"Alice, TX",45626
Micropolitan Statistical Area,25880,"Hillsdale, MI",45590
Micropolitan Statistical Area,43020,"Shawano, WI",45585
Micropolitan Statistical Area,24330,"Grand Rapids, MN",45442
Micropolitan Statistical Area,32000,"Marion, NC",45269
Micropolitan Statistical Area,31580,"Madisonville, KY",45218
Micropolitan Statistical Area,13260,"Bedford, IN",45192
Micropolitan Statistical Area,49010,"Winchester, TN",45137
Micropolitan Statistical Area,14220,"Bogalusa, LA",45090
Micropolitan Statistical Area,20820,"Effingham, IL",44907
Micropolitan Statistical Area,33940,"Montrose, CO",44806
Micropolitan Statistical Area,48820,"Willmar, MN",44674
Micropolitan Statistical Area,16340,"Cedartown, GA",44610
Micropolitan Statistical Area,47820,"Washington, NC",44576
Micropolitan Statistical Area,44500,"Stephenville, TX",44496
Micropolitan Statistical Area,15460,"Burlington, IA-IL",44459
Micropolitan Statistical Area,12140,"Auburn, IN",44330
Micropolitan Statistical Area,23620,"Gainesville, TX",44258
Micropolitan Statistical Area,20340,"Duncan, OK",44075
Micropolitan Statistical Area,42740,"Sedalia, MO",43791
Micropolitan Statistical Area,33300,"Milledgeville, GA",43644
Micropolitan Statistical Area,27540,"Jasper, IN",43629
Micropolitan Statistical Area,32660,"McMinnville, TN",43619
Micropolitan Statistical Area,38620,"Ponca City, OK",43437
Micropolitan Statistical Area,32540,"McAlester, OK",43395
Micropolitan Statistical Area,26500,"Huntingdon, PA",43359
Micropolitan Statistical Area,23300,"Freeport, IL",43088
Micropolitan Statistical Area,34260,"Mountain Home, AR",43007
Micropolitan Statistical Area,16380,"Celina, OH",42648
Micropolitan Statistical Area,36380,"Okeechobee, FL",42369
Micropolitan Statistical Area,25780,"Henderson, NC",42337
Micropolitan Statistical Area,34140,"Moscow, ID",42180
Micropolitan Statistical Area,30260,"Lewisburg, PA",42159
Micropolitan Statistical Area,34700,"Muscatine, IA",42132
Micropolitan Statistical Area,46980,"Vicksburg, MS",42105
Micropolitan Statistical Area,20900,"El Campo, TX",42035
Micropolitan Statistical Area,48940,"Wilmington, OH",42019
Micropolitan Statistical Area,40460,"Rockingham, NC",41990
Micropolitan Statistical Area,13660,"Big Rapids, MI",41947
Micropolitan Statistical Area,38740,"Poplar Bluff, MO",41814
Micropolitan Statistical Area,15340,"Bucyrus, OH",41626
Micropolitan Statistical Area,10100,"Aberdeen, SD",41522
Micropolitan Statistical Area,21020,"Elizabeth City, NC",41418
Micropolitan Statistical Area,10940,"Alma, MI",41372
Micropolitan Statistical Area,40540,"Rock Springs, WY",41273
Micropolitan Statistical Area,24740,"Greenville, MS",41181
Micropolitan Statistical Area,11820,"Astoria, OR",41043
Micropolitan Statistical Area,12380,"Austin, MN",40900
Micropolitan Statistical Area,48780,"Williston, ND",40763
Micropolitan Statistical Area,48460,"West Plains, MO",40762
Micropolitan Statistical Area,10760,"Alexander City, AL",40699
Micropolitan Statistical Area,25580,"Hastings, NE",40625
Micropolitan Statistical Area,32260,"Marshalltown, IA",40392
Micropolitan Statistical Area,40940,"Safford, AZ",40242
Micropolitan Statistical Area,26340,"Houghton, MI",40202
Micropolitan Statistical Area,21580,"Española, NM",39955
Micropolitan Statistical Area,10820,"Alexandria, MN",39933
Micropolitan Statistical Area,40180,"Riverton, WY",39721
Micropolitan Statistical Area,42780,"Selinsgrove, PA",39627
Micropolitan Statistical Area,14620,"Bradford, PA",39478
Micropolitan Statistical Area,29660,"Laramie, WY",39288
Micropolitan Statistical Area,35140,"Newberry, SC",39203
Micropolitan Statistical Area,48220,"Weatherford, OK",39105
Micropolitan Statistical Area,29470,"Lake of the Woods, VA",38986
Micropolitan Statistical Area,34660,"Murray, KY",38975
Micropolitan Statistical Area,25300,"Hannibal, MO",38924
Micropolitan Statistical Area,46500,"Urbana, OH",38907
Micropolitan Statistical Area,38260,"Pittsburg, KS",38904
Micropolitan Statistical Area,19860,"Dickinson, ND",38861
Micropolitan Statistical Area,44860,"Sulphur Springs, TX",38784
Micropolitan Statistical Area,14300,"Bonham, TX",38650
Micropolitan Statistical Area,19580,"Defiance, OH",38644
Micropolitan Statistical Area,18820,"Crawfordsville, IN",38633
Micropolitan Statistical Area,15220,"Brownwood, TX",38631
Micropolitan Statistical Area,44460,"Steamboat Springs, CO",38385
Micropolitan Statistical Area,15820,"Campbellsville, KY",38361
Micropolitan Statistical Area,23780,"Garden City, KS",38354
Micropolitan Statistical Area,12900,"Batesville, AR",38345
Micropolitan Statistical Area,10220,"Ada, OK",38310
Micropolitan Statistical Area,46860,"Vernal, UT",38307
Micropolitan Statistical Area,14720,"Breckenridge, CO",38251
Micropolitan Statistical Area,20660,"Easton, MD",38244
Micropolitan Statistical Area,15740,"Cambridge, OH",38219
Micropolitan Statistical Area,28620,"Kill Devil Hills, NC",38183
Micropolitan Statistical Area,14180,"Blytheville, AR",38095
Micropolitan Statistical Area,23340,"Fremont, NE",37884
Micropolitan Statistical Area,30820,"Lock Haven, PA",37865
Micropolitan Statistical Area,30280,"Lewisburg, TN",37847
Micropolitan Statistical Area,14780,"Brenham, TX",37810
Micropolitan Statistical Area,24600,"Greencastle, IN",37804
Micropolitan Statistical Area,35460,"Newport, TN",37596
Micropolitan Statistical Area,30900,"Logansport, IN",37559
Micropolitan Statistical Area,27300,"Jacksonville, IL",37498
Micropolitan Statistical Area,36940,"Owatonna, MN",37434
Micropolitan Statistical Area,47620,"Warren, PA",37373
Micropolitan Statistical Area,13540,"Bennington, VT",37039
Micropolitan Statistical Area,20980,"El Dorado, AR",37008
Micropolitan Statistical Area,18740,"Coshocton, OH",37003
Micropolitan Statistical Area,38380,"Plainview, TX",36995
Micropolitan Statistical Area,26540,"Huntington, IN",36944
Micropolitan Statistical Area,22700,"Fort Dodge, IA",36909
Micropolitan Statistical Area,32460,"Mayfield, KY",36821
Micropolitan Statistical Area,26780,"Hutchinson, MN",36780
Micropolitan Statistical Area,22190,"Fayetteville, TN",36751
Micropolitan Statistical Area,11580,"Arcadia, FL",36744
Micropolitan Statistical Area,30060,"Lebanon, MO",36738
Micropolitan Statistical Area,19760,"DeRidder, LA",36695
Micropolitan Statistical Area,21540,"Escanaba, MI",36687
Micropolitan Statistical Area,19540,"Decatur, IN",36584
Micropolitan Statistical Area,16460,"Centralia, IL",36437
Micropolitan Statistical Area,20540,"Dyersburg, TN",36403
Micropolitan Statistical Area,42420,"Scottsbluff, NE",36399
Micropolitan Statistical Area,13060,"Bay City, TX",36391
Micropolitan Statistical Area,15100,"Brookings, SD",36359
Micropolitan Statistical Area,42300,"Sault Ste. Marie, MI",36253
Micropolitan Statistical Area,27220,"Jackson, WY-ID",36204
Micropolitan Statistical Area,15580,"Butte-Silver Bow, MT",36134
Micropolitan Statistical Area,34500,"Mount Vernon, IL",36107
Micropolitan Statistical Area,47080,"Vidalia, GA",36054
Micropolitan Statistical Area,35060,"Natchitoches, LA",35982
Micropolitan Statistical Area,47180,"Vincennes, IN",35872
Micropolitan Statistical Area,36900,"Ottumwa, IA",35681
Micropolitan Statistical Area,37940,"Peru, IN",35613
Micropolitan Statistical Area,42820,"Selma, AL",35545
Micropolitan Statistical Area,24900,"Greenwood, MS",35535
Micropolitan Statistical Area,19810,"Detroit Lakes, MN",35444
Micropolitan Statistical Area,38700,"Pontiac, IL",35375
Micropolitan Statistical Area,33380,"Minden, LA",35184
Micropolitan Statistical Area,21380,"Emporia, KS",35027
Micropolitan Statistical Area,15020,"Brookhaven, MS",34956
Micropolitan Statistical Area,11420,"Angola, IN",34862
Micropolitan Statistical Area,45340,"Taos, NM",34482
Micropolitan Statistical Area,18420,"Corinth, MS",34228
Micropolitan Statistical Area,11680,"Arkansas City-Winfield, KS",34186
Micropolitan Statistical Area,14820,"Brevard, NC",34103
Micropolitan Statistical Area,47780,"Washington, IN",34097
Micropolitan Statistical Area,19980,"Dodge City, KS",34072
Micropolitan Statistical Area,37800,"Pella, IA",34048
Micropolitan Statistical Area,35820,"North Platte, NE",34013
Micropolitan Statistical Area,37950,"Petoskey, MI",33949
Micropolitan Statistical Area,39040,"Port Townsend, WA",33944
Micropolitan Statistical Area,29900,"Laurinburg, NC",33898
Micropolitan Statistical Area,19940,"Dixon, IL",33544
Micropolitan Statistical Area,11140,"Americus, GA",33475
Micropolitan Statistical Area,31680,"Malvern, AR",33313
Micropolitan Statistical Area,45380,"Taylorville, IL",33247
Micropolitan Statistical Area,32280,"Martin, TN",33162
Micropolitan Statistical Area,15700,"Cambridge, MD",33138
Micropolitan Statistical Area,45980,"Troy, AL",33124
Micropolitan Statistical Area,43260,"Sheridan, WY",32978
Micropolitan Statistical Area,31500,"Madison, IN",32921
Micropolitan Statistical Area,23140,"Frankfort, IN",32895
Micropolitan Statistical Area,37540,"Paris, TN",32883
Micropolitan Statistical Area,42900,"Seneca Falls, NY",32650
Micropolitan Statistical Area,15900,"Canton, IL",32510
Micropolitan Statistical Area,22800,"Fort Madison, IA",32376
Micropolitan Statistical Area,27700,"Jesup, GA",32132
Micropolitan Statistical Area,25200,"Hailey, ID",32064
Micropolitan Statistical Area,40770,"Russellville, AL",31874
Micropolitan Statistical Area,27940,"Juneau, AK",31572
Micropolitan Statistical Area,13300,"Beeville, TX",31226
Micropolitan Statistical Area,17650,"Cody, WY",31082
Micropolitan Statistical Area,13700,"Big Spring, TX",30833
Micropolitan Statistical Area,47340,"Wabash, IN",30777
Micropolitan Statistical Area,27020,"Iron Mountain, MI-WI",30668
Micropolitan Statistical Area,29780,"Las Vegas, NM",30524
Micropolitan Statistical Area,28780,"Kingsville, TX",30442
Micropolitan Statistical Area,33060,"Miami, OK",30404
Micropolitan Statistical Area,24980,"Grenada, MS",30342
Micropolitan Statistical Area,32700,"McPherson, KS",30334
Micropolitan Statistical Area,10660,"Albert Lea, MN",30314
Micropolitan Statistical Area,22820,"Fort Morgan, CO",30300
Micropolitan Statistical Area,46460,"Union City, TN",30261
Micropolitan Statistical Area,33420,"Mineral Wells, TX",30231
Micropolitan Statistical Area,41260,"St. Marys, PA",30124
Micropolitan Statistical Area,28860,"Kirksville, MO",29729
Micropolitan Statistical Area,34300,"Mountain Home, ID",29729
Micropolitan Statistical Area,12460,"Bainbridge, GA",29391
Micropolitan Statistical Area,47980,"Watertown, SD",29278
Micropolitan Statistical Area,31220,"Ludington, MI",29093
Micropolitan Statistical Area,25700,"Hays, KS",29007
Micropolitan Statistical Area,10980,"Alpena, MI",28903
Micropolitan Statistical Area,46780,"Van Wert, OH",28887
Micropolitan Statistical Area,23680,"Gallipolis, OH",28886
Micropolitan Statistical Area,43940,"Spearfish, SD",28809
Micropolitan Statistical Area,47920,"Washington Court House, OH",28782
Micropolitan Statistical Area,17380,"Cleveland, MS",28395
Micropolitan Statistical Area,45580,"Thomaston, GA",28358
Micropolitan Statistical Area,45000,"Susanville, CA",28340
Micropolitan Statistical Area,23240,"Fredericksburg, TX",28159
Micropolitan Statistical Area,10480,"Alamosa, CO",27924
Micropolitan Statistical Area,43500,"Silver City, NM",27541
Micropolitan Statistical Area,30660,"Lincoln, IL",27518
Micropolitan Statistical Area,45740,"Toccoa, GA",27498
Micropolitan Statistical Area,21180,"Elkins, WV",27190
Micropolitan Statistical Area,18860,"Crescent City, CA",27009
Micropolitan Statistical Area,28380,"Kennett, MO",27002
Micropolitan Statistical Area,21640,"Eufaula, AL-GA",26681
Micropolitan Statistical Area,31380,"Macomb, IL",26662
Micropolitan Statistical Area,45520,"The Dalles, OR",26507
Micropolitan Statistical Area,24700,"Greensburg, IN",26421
Micropolitan Statistical Area,15780,"Camden, AR",26374
Micropolitan Statistical Area,30420,"Lexington, NE",26362
Micropolitan Statistical Area,36840,"Ottawa, KS",26273
Micropolitan Statistical Area,29260,"La Grande, OR",26058
Micropolitan Statistical Area,21980,"Fallon, NV",26033
Micropolitan Statistical Area,19700,"Deming, NM",25878
Micropolitan Statistical Area,30180,"Le Mars, IA",25825
Micropolitan Statistical Area,33580,"Mitchell, SD",25776
Micropolitan Statistical Area,35580,"New Ulm, MN",25710
Micropolitan Statistical Area,32140,"Marshall, MN",25577
Micropolitan Statistical Area,44900,"Summerville, GA",25306
Micropolitan Statistical Area,46620,"Uvalde, TX",25138
Micropolitan Statistical Area,24460,"Great Bend, KS",24835
Micropolitan Statistical Area,33900,"Monticello, IN",24833
Micropolitan Statistical Area,11060,"Altus, OK",24541
Micropolitan Statistical Area,33020,"Mexico, MO",24304
Micropolitan Statistical Area,33620,"Moberly, MO",24077
Micropolitan Statistical Area,26220,"Hood River, OR",23764
Micropolitan Statistical Area,49460,"Yankton, SD",23509
Micropolitan Statistical Area,21740,"Evanston, WY-UT",23373
Micropolitan Statistical Area,18220,"Connersville, IN",23335
Micropolitan Statistical Area,32180,"Marshall, MO",23325
Micropolitan Statistical Area,33180,"Middlesborough, KY",23051
Micropolitan Statistical Area,47420,"Wahpeton, ND-MN",22926
Micropolitan Statistical Area,15060,"Brookings, OR",22774
Micropolitan Statistical Area,21120,"Elk City, OK",22248
Micropolitan Statistical Area,36820,"Oskaloosa, IA",22034
Micropolitan Statistical Area,31620,"Magnolia, AR",22024
Micropolitan Statistical Area,49380,"Worthington, MN",21969
Micropolitan Statistical Area,20300,"Dumas, TX",21872
Micropolitan Statistical Area,22620,"Forrest City, AR",21822
Micropolitan Statistical Area,37420,"Pampa, TX",21725
Micropolitan Statistical Area,13100,"Beatrice, NE",21687
Micropolitan Statistical Area,27420,"Jamestown, ND",21546
Micropolitan Statistical Area,30580,"Liberal, KS",21276
Micropolitan Statistical Area,47240,"Vineyard Haven, MA",21061
Micropolitan Statistical Area,36830,"Othello, WA",21039
Micropolitan Statistical Area,11660,"Arkadelphia, AR",20920
Micropolitan Statistical Area,44740,"Storm Lake, IA",20816
Micropolitan Statistical Area,44540,"Sterling, CO",20755
Micropolitan Statistical Area,39220,"Price, UT",20613
Micropolitan Statistical Area,25100,"Guymon, OK",20577
Micropolitan Statistical Area,38180,"Pierre, SD",20541
Micropolitan Statistical Area,32340,"Maryville, MO",20503
Micropolitan Statistical Area,16140,"Carroll, IA",20407
Micropolitan Statistical Area,23190,"Franklin, KY",20350
Micropolitan Statistical Area,17260,"Clarksdale, MS",20105
Micropolitan Statistical Area,39700,"Raymondville, TX",20027
Micropolitan Statistical Area,40760,"Ruidoso, NM",20025
Micropolitan Statistical Area,49260,"Woodward, OK",19991
Micropolitan Statistical Area,38920,"Port Lavaca, TX",19942
Micropolitan Statistical Area,14420,"Borger, TX",19721
Micropolitan Statistical Area,31060,"Los Alamos, NM",19675
Micropolitan Statistical Area,21860,"Fairmont, MN",19561
Micropolitan Statistical Area,18380,"Cordele, GA",19468
Micropolitan Statistical Area,26700,"Huron, SD",19459
Micropolitan Statistical Area,11380,"Andrews, TX",18923
Micropolitan Statistical Area,25820,"Hereford, TX",18495
Micropolitan Statistical Area,13860,"Bishop, CA",18485
Micropolitan Statistical Area,44020,"Spirit Lake, IA",18158
Micropolitan Statistical Area,49080,"Winnemucca, NV",17116
Micropolitan Statistical Area,22340,"Fitzgerald, GA",16945
Micropolitan Statistical Area,12520,"Baker City, OR",16750
Micropolitan Statistical Area,43980,"Spencer, IA",16474
Micropolitan Statistical Area,11860,"Atchison, KS",16249
Micropolitan Statistical Area,43660,"Snyder, TX",16211
Micropolitan Statistical Area,46820,"Vermillion, SD",15245
Micropolitan Statistical Area,34880,"Nantucket, MA",14670
Micropolitan Statistical Area,45020,"Sweetwater, TX",14182
Micropolitan Statistical Area,49820,"Zapata, TX",13819
Micropolitan Statistical Area,28540,"Ketchikan, AK",13677
Micropolitan Statistical Area,46900,"Vernon, TX",12455
Micropolitan Statistical Area,45880,"Town of Pecos, TX",11956
